﻿<?xml version="1.0" encoding="utf-8" ?>
<XnaContent>
  <Asset Type="MyDataTypes.LevelData[]">
    
    <Item>
      <Level>0</Level>
      <!-- default level, do not touch it -->
      <EnemyTanks>0</EnemyTanks>
      <TilesData Type="MyDataTypes.TileRow[]">
        <Item>
          <Tiles>14 0 0 0 0 0 14 0 0 0 0 0 14</Tiles>
        </Item>
        <Item>
          <Tiles>0 0 0 0 0 0 0 0 0 0 0 0 0</Tiles>
        </Item>
        <Item>
          <Tiles>0 0 0 0 0 0 0 0 0 0 0 0 0</Tiles>
        </Item>
        <Item>
          <Tiles>0 0 0 0 0 0 0 0 0 0 0 0 0</Tiles>
        </Item>
        <Item>
          <Tiles>0 0 0 0 0 0 0 0 0 0 0 0 0</Tiles>
        </Item>
        <Item>
          <Tiles>0 0 0 0 0 0 0 0 0 0 0 0 0</Tiles>
        </Item>
        <Item>
          <Tiles>0 0 0 0 0 0 0 0 0 0 0 0 0</Tiles>
        </Item>
        <Item>
          <Tiles>0 0 0 0 0 0 0 0 0 0 0 0 0</Tiles>
        </Item>
        <Item>
          <Tiles>0 0 0 0 0 0 0 0 0 0 0 0 0</Tiles>
        </Item>
        <Item>
          <Tiles>0 0 0 0 0 0 0 0 0 0 0 0 0</Tiles>
        </Item>
        <Item>
          <Tiles>0 0 0 0 0 0 0 0 0 0 0 0 0</Tiles>
        </Item>
        <Item>
          <Tiles>0 0 0 0 0 15 2 16 0 0 0 0 0</Tiles>
        </Item>
        <Item>
          <Tiles>0 0 0 0 14 1 17 3 14 0 0 0 0</Tiles>
        </Item>
      </TilesData>
    </Item>
    
    <Item>
      <Level>1</Level>
      <EnemyTanks>0 0 0 0 0 0 0 0 0 0 0 0 0 0 0 0 0 0 1 1</EnemyTanks>
      <TilesData Type="MyDataTypes.TileRow[]">
        <Item>
          <Tiles>0 0 0 0 0 0 0 0 0 0 0 0 0</Tiles>
        </Item>
        <Item>
          <Tiles>0 5 0 5 0 5 0 5 0 5 0 5 0</Tiles>
        </Item>
        <Item>
          <Tiles>0 5 0 5 0 5 0 5 0 5 0 5 0</Tiles>
        </Item>
        <Item>
          <Tiles>0 5 0 5 0 5 10 5 0 5 0 5 0</Tiles>
        </Item>
        <Item>
          <Tiles>0 5 0 5 0 4 0 4 0 5 0 5 0</Tiles>
        </Item>
        <Item>
          <Tiles>0 4 0 4 0 2 0 2 0 4 0 4 0</Tiles>
        </Item>
        <Item>
          <Tiles>2 0 2 2 0 4 0 4 0 2 2 0 2</Tiles>
        </Item>
        <Item>
          <Tiles>9 0 4 4 0 2 0 2 0 4 4 0 9</Tiles>
        </Item>
        <Item>
          <Tiles>0 2 0 2 0 5 5 5 0 2 0 2 0</Tiles>
        </Item>
        <Item>
          <Tiles>0 5 0 5 0 5 0 5 0 5 0 5 0</Tiles>
        </Item>
        <Item>
          <Tiles>0 5 0 5 0 4 0 4 0 5 0 5 0</Tiles>
        </Item>
        <Item>
          <Tiles>0 5 0 5 0 0 0 0 0 5 0 5 0</Tiles>
        </Item>
        <Item>
          <Tiles>0 0 0 0 0 0 0 0 0 0 0 0 0</Tiles>
        </Item>
      </TilesData>
    </Item>

    <Item>
      <Level>2</Level>
      <EnemyTanks>3 3 1 1 1 1 0 0 0 0 0 0 0 0 0 0 0 0 0 0</EnemyTanks>
      <TilesData Type="MyDataTypes.TileRow[]">
        <Item>
          <Tiles>0 0 0 10 0 0 0 10 0 0 0 0 0</Tiles>
        </Item>
        <Item>
          <Tiles>0 5 0 10 0 0 0 5 0 5 0 5 0</Tiles>
        </Item>
        <Item>
          <Tiles>0 5 0 0 0 0 5 5 0 5 10 5 0</Tiles>
        </Item>
        <Item>
          <Tiles>0 0 0 5 0 0 0 0 0 10 0 0 0</Tiles>
        </Item>
        <Item>
          <Tiles>12 0 0 5 0 0 10 0 0 5 12 5 10</Tiles>
        </Item>
        <Item>
          <Tiles>12 12 0 0 0 5 0 0 10 0 12 0 0</Tiles>
        </Item>
        <Item>
          <Tiles>0 5 5 5 12 12 12 10 0 0 12 5 0</Tiles>
        </Item>
        <Item>
          <Tiles>0 0 0 10 12 5 0 5 0 5 0 5 0</Tiles>
        </Item>
        <Item>
          <Tiles>10 5 0 10 0 5 0 5 0 0 0 5 0</Tiles>
        </Item>
        <Item>
          <Tiles>0 5 0 5 0 5 5 5 0 5 10 5 0</Tiles>
        </Item>
        <Item>
          <Tiles>0 5 0 5 0 5 5 5 0 0 0 0 0</Tiles>
        </Item>
        <Item>
          <Tiles>0 5 0 0 0 0 0 0 0 5 0 5 0</Tiles>
        </Item>
        <Item>
          <Tiles>0 5 0 5 0 0 0 0 0 5 5 5 0</Tiles>
        </Item>
      </TilesData>
    </Item>

    <Item>
      <Level>3</Level>
      <EnemyTanks>0 0 0 0 0 0 0 0 0 0 0 0 0 0 1 1 1 1 3 3</EnemyTanks>
      <TilesData Type="MyDataTypes.TileRow[]">
        <Item>
          <Tiles>0 0 0 0 5 0 0 0 5 0 0 0 0</Tiles>
        </Item>
        <Item>
          <Tiles>0 12 12 12 5 0 0 0 0 0 7 7 7</Tiles>
        </Item>
        <Item>
          <Tiles>5 12 12 12 0 0 0 0 0 0 0 0 0</Tiles>
        </Item>
        <Item>
          <Tiles>12 12 12 12 0 0 0 5 0 5 5 5 3</Tiles>
        </Item>
        <Item>
          <Tiles>12 12 12 12 5 5 5 4 0 5 0 1 0</Tiles>
        </Item>
        <Item>
          <Tiles>12 12 12 12 0 0 5 0 0 0 0 1 0</Tiles>
        </Item>
        <Item>
          <Tiles>0 12 0 0 0 0 10 10 10 0 0 12 0</Tiles>
        </Item>
        <Item>
          <Tiles>0 2 0 2 0 0 0 0 0 12 12 12 12</Tiles>
        </Item>
        <Item>
          <Tiles>5 3 1 5 3 1 4 4 4 12 12 12 12</Tiles>
        </Item>
        <Item>
          <Tiles>0 0 0 0 0 5 0 2 2 12 12 12 12</Tiles>
        </Item>
        <Item>
          <Tiles>5 0 0 8 0 0 0 4 4 12 12 12 0</Tiles>
        </Item>
        <Item>
          <Tiles>5 5 0 8 0 0 0 0 0 12 12 12 0</Tiles>
        </Item>
        <Item>
          <Tiles>10 5 5 0 0 0 0 0 0 5 0 0 0</Tiles>
        </Item>
      </TilesData>
    </Item>

    <Item>
      <Level>4</Level>
      <EnemyTanks>2 2 2 2 2 2 2 2 2 2 1 1 1 1 1 0 0 3 3 3</EnemyTanks>
      <TilesData Type="MyDataTypes.TileRow[]">
        <Item>
          <Tiles>0 12 12 0 0 0 0 0 0 0 0 12 0</Tiles>
        </Item>
        <Item>
          <Tiles>12 12 0 0 2 5 5 2 2 0 0 0 12</Tiles>
        </Item>
        <Item>
          <Tiles>12 0 0 1 5 5 5 5 5 5 2 0 9</Tiles>
        </Item>
        <Item>
          <Tiles>9 0 0 5 5 5 5 5 5 5 5 3 0</Tiles>
        </Item>
        <Item>
          <Tiles>0 0 1 4 0 0 0 4 5 5 0 3 0</Tiles>
        </Item>
        <Item>
          <Tiles>11 0 1 0 8 0 8 0 5 3 0 0 0</Tiles>
        </Item>
        <Item>
          <Tiles>0 0 5 0 2 2 0 0 5 3 0 11 11</Tiles>
        </Item>
        <Item>
          <Tiles>0 0 5 5 5 5 5 5 5 5 0 0 0</Tiles>
        </Item>
        <Item>
          <Tiles>0 1 5 5 5 5 5 5 5 5 3 0 0</Tiles>
        </Item>
        <Item>
          <Tiles>0 4 4 5 5 5 5 5 5 4 4 0 0</Tiles>
        </Item>
        <Item>
          <Tiles>0 5 5 2 4 5 5 4 2 5 5 0 12</Tiles>
        </Item>
        <Item>
          <Tiles>12 0 4 4 0 0 0 0 4 4 0 12 12</Tiles>
        </Item>
        <Item>
          <Tiles>10 12 0 0 0 0 0 0 0 0 12 12 10</Tiles>
        </Item>
      </TilesData>
    </Item>

    <Item>
      <Level>5</Level>
      <EnemyTanks>2 2 2 2 2 3 3 0 0 0 0 0 0 0 0 1 1 1 1 1</EnemyTanks>
      <TilesData Type="MyDataTypes.TileRow[]">
        <Item>
          <Tiles>0 0 0 0 5 5 0 0 0 0 0 0 0</Tiles>
        </Item>
        <Item>
          <Tiles>7 0 2 0 5 0 0 0 9 9 10 0 0</Tiles>
        </Item>
        <Item>
          <Tiles>10 0 5 0 0 0 5 0 0 0 0 0 0</Tiles>
        </Item>
        <Item>
          <Tiles>5 0 5 5 5 0 5 5 0 11 11 0 11</Tiles>
        </Item>
        <Item>
          <Tiles>4 0 0 0 4 0 0 0 0 11 0 0 0</Tiles>
        </Item>
        <Item>
          <Tiles>0 0 2 0 11 11 0 11 11 11 0 5 5</Tiles>
        </Item>
        <Item>
          <Tiles>5 5 0 0 11 5 0 5 3 0 0 0 0</Tiles>
        </Item>
        <Item>
          <Tiles>0 0 0 0 11 0 0 0 0 0 6 8 0</Tiles>
        </Item>
        <Item>
          <Tiles>11 11 11 0 11 0 10 0 5 0 6 0 0</Tiles>
        </Item>
        <Item>
          <Tiles>0 0 0 2 2 0 0 0 0 0 6 5 5</Tiles>
        </Item>
        <Item>
          <Tiles>0 0 0 0 5 4 4 4 5 2 0 0 0</Tiles>
        </Item>
        <Item>
          <Tiles>5 5 4 0 0 0 0 0 0 4 5 0 0</Tiles>
        </Item>
        <Item>
          <Tiles>4 0 0 0 0 0 0 0 0 0 0 0 0</Tiles>
        </Item>
      </TilesData>
    </Item>

    <Item>
      <Level>6</Level>
      <EnemyTanks>2 2 2 2 2 2 2 1 1 0 0 0 0 0 0 0 0 0 3 3</EnemyTanks>
      <TilesData Type="MyDataTypes.TileRow[]">
        <Item>
          <Tiles>0 0 0 0 0 1 0 3 12 12 0 0 0</Tiles>
        </Item>
        <Item>
          <Tiles>0 3 6 0 3 0 0 0 1 12 3 1 12</Tiles>
        </Item>
        <Item>
          <Tiles>0 3 6 0 3 0 5 0 1 12 3 1 12</Tiles>
        </Item>
        <Item>
          <Tiles>0 5 0 0 5 0 10 0 5 12 0 5 12</Tiles>
        </Item>
        <Item>
          <Tiles>0 0 0 1 9 0 5 0 4 8 0 12 12</Tiles>
        </Item>
        <Item>
          <Tiles>5 5 3 0 0 12 5 12 0 0 1 5 5</Tiles>
        </Item>
        <Item>
          <Tiles>0 0 0 0 1 12 12 12 3 0 0 0 0</Tiles>
        </Item>
        <Item>
          <Tiles>10 5 5 0 4 12 12 12 4 1 5 5 10</Tiles>
        </Item>
        <Item>
          <Tiles>9 9 9 0 2 0 12 0 2 0 9 9 9</Tiles>
        </Item>
        <Item>
          <Tiles>0 5 0 0 5 0 0 0 5 0 0 0 0</Tiles>
        </Item>
        <Item>
          <Tiles>0 5 3 0 0 4 0 4 0 0 1 5 12</Tiles>
        </Item>
        <Item>
          <Tiles>0 0 4 0 0 0 0 0 0 0 12 12 12</Tiles>
        </Item>
        <Item>
          <Tiles>0 0 2 0 0 0 0 0 0 0 2 12 12</Tiles>
        </Item>
      </TilesData>
    </Item>

    <Item>
      <Level>7</Level>
      <EnemyTanks>0 0 0 1 1 1 1 2 2 2 2 2 2 0 0 0 0 0 0 0</EnemyTanks>
      <TilesData Type="MyDataTypes.TileRow[]">
        <Item>
          <Tiles>0 0 0 0 0 0 0 9 9 0 0 0 0</Tiles>
        </Item>
        <Item>
          <Tiles>0 0 10 9 9 9 0 0 0 0 10 0 0</Tiles>
        </Item>
        <Item>
          <Tiles>0 0 10 0 0 0 12 0 9 10 10 0 0</Tiles>
        </Item>
        <Item>
          <Tiles>0 10 0 0 0 12 10 0 0 0 10 0 0</Tiles>
        </Item>
        <Item>
          <Tiles>0 0 0 0 12 10 10 0 0 0 9 10 0</Tiles>
        </Item>
        <Item>
          <Tiles>0 10 0 12 10 10 10 0 10 0 0 0 0</Tiles>
        </Item>
        <Item>
          <Tiles>0 6 0 10 10 0 0 0 10 10 0 0 0</Tiles>
        </Item>
        <Item>
          <Tiles>8 0 0 0 10 0 10 10 10 0 0 6 0</Tiles>
        </Item>
        <Item>
          <Tiles>0 6 10 0 0 0 10 10 12 0 0 10 0</Tiles>
        </Item>
        <Item>
          <Tiles>0 10 0 0 0 0 10 12 0 0 10 10 0</Tiles>
        </Item>
        <Item>
          <Tiles>0 9 9 10 0 0 12 0 0 10 0 0 0</Tiles>
        </Item>
        <Item>
          <Tiles>0 0 0 0 0 0 0 0 0 9 0 7 10</Tiles>
        </Item>
        <Item>
          <Tiles>7 7 0 0 0 0 0 0 0 0 0 0 0</Tiles>
        </Item>
      </TilesData>
    </Item>

    <Item>
      <Level>8</Level>
      <EnemyTanks>2 2 2 2 2 2 2 3 3 1 1 1 1 0 0 0 0 0 0 0</EnemyTanks>
      <TilesData Type="MyDataTypes.TileRow[]">
        <Item>
          <Tiles>0 0 5 0 0 5 0 2 0 5 0 0 0</Tiles>
        </Item>
        <Item>
          <Tiles>12 5 5 5 0 5 0 7 0 5 3 0 0</Tiles>
        </Item>
        <Item>
          <Tiles>12 12 12 0 0 4 0 5 0 4 0 1 3</Tiles>
        </Item>
        <Item>
          <Tiles>12 11 11 11 11 11 11 11 11 11 11 0 11</Tiles>
        </Item>
        <Item>
          <Tiles>0 5 0 0 0 0 2 2 0 0 0 0 0</Tiles>
        </Item>
        <Item>
          <Tiles>0 0 5 0 0 1 5 5 4 5 4 9 9</Tiles>
        </Item>
        <Item>
          <Tiles>5 5 0 5 0 1 5 5 12 5 7 7 5</Tiles>
        </Item>
        <Item>
          <Tiles>0 0 0 10 0 7 0 12 12 12 12 0 0</Tiles>
        </Item>
        <Item>
          <Tiles>11 11 0 11 11 11 11 11 0 11 11 11 11</Tiles>
        </Item>
        <Item>
          <Tiles>12 12 0 1 0 0 2 2 0 0 0 0 0</Tiles>
        </Item>
        <Item>
          <Tiles>12 12 5 0 3 0 0 1 0 7 2 5 0</Tiles>
        </Item>
        <Item>
          <Tiles>12 7 5 0 3 0 0 0 0 4 0 5 0</Tiles>
        </Item>
        <Item>
          <Tiles>0 0 0 0 0 0 0 0 0 2 0 4 0</Tiles>
        </Item>
      </TilesData>
    </Item>

    <Item>
      <Level>9</Level>
      <EnemyTanks>0 0 0 0 0 0 1 1 1 1 2 2 2 2 2 2 2 3 3 3</EnemyTanks>
      <TilesData Type="MyDataTypes.TileRow[]">
        <Item>
          <Tiles>0 0 0 5 0 0 0 0 0 7 12 0 0</Tiles>
        </Item>
        <Item>
          <Tiles>5 0 0 0 0 0 7 12 6 10 8 0 5</Tiles>
        </Item>
        <Item>
          <Tiles>0 0 0 7 12 6 10 8 0 9 12 0 0</Tiles>
        </Item>
        <Item>
          <Tiles>0 0 6 10 8 0 9 12 0 0 0 0 0</Tiles>
        </Item>
        <Item>
          <Tiles>0 0 0 9 12 0 0 0 0 0 0 0 0</Tiles>
        </Item>
        <Item>
          <Tiles>0 0 0 12 7 12 0 12 7 12 0 0 0</Tiles>
        </Item>
        <Item>
          <Tiles>10 5 0 6 10 8 0 6 10 8 0 5 10</Tiles>
        </Item>
        <Item>
          <Tiles>0 0 0 12 9 12 0 12 9 12 0 0 0</Tiles>
        </Item>
        <Item>
          <Tiles>0 0 0 0 7 0 0 0 7 0 0 0 0</Tiles>
        </Item>
        <Item>
          <Tiles>5 0 0 6 10 8 0 6 10 8 0 0 5</Tiles>
        </Item>
        <Item>
          <Tiles>5 0 0 12 9 12 0 12 9 12 0 0 5</Tiles>
        </Item>
        <Item>
          <Tiles>0 0 2 0 0 0 0 0 0 0 2 0 0</Tiles>
        </Item>
        <Item>
          <Tiles>0 0 5 5 0 0 0 0 0 5 5 0 0</Tiles>
        </Item>
      </TilesData>
    </Item>

    <Item>
      <Level>10</Level>
      <EnemyTanks>0 0 0 0 0 0 0 0 0 0 0 0 1 1 2 2 2 2 3 3</EnemyTanks>
      <TilesData Type="MyDataTypes.TileRow[]">
        <Item>
          <Tiles>0 0 0 0 0 0 0 0 0 0 0 0 0</Tiles>
        </Item>
        <Item>
          <Tiles>0 1 4 5 0 0 0 0 0 0 5 4 3</Tiles>
        </Item>
        <Item>
          <Tiles>1 4 0 0 5 0 12 12 0 5 0 0 1</Tiles>
        </Item>
        <Item>
          <Tiles>5 0 0 0 5 12 12 12 12 5 0 0 1</Tiles>
        </Item>
        <Item>
          <Tiles>5 0 0 1 5 12 10 10 12 5 3 0 5</Tiles>
        </Item>
        <Item>
          <Tiles>1 2 2 5 11 11 11 11 11 11 5 5 5</Tiles>
        </Item>
        <Item>
          <Tiles>0 5 5 5 10 10 5 10 10 5 5 5 3</Tiles>
        </Item>
        <Item>
          <Tiles>0 0 5 5 10 0 5 0 10 5 5 3 0</Tiles>
        </Item>
        <Item>
          <Tiles>0 0 5 5 5 5 5 5 5 5 5 3 0</Tiles>
        </Item>
        <Item>
          <Tiles>5 12 4 4 4 10 10 4 4 4 4 12 5</Tiles>
        </Item>
        <Item>
          <Tiles>5 12 12 12 12 12 12 12 12 12 12 12 5</Tiles>
        </Item>
        <Item>
          <Tiles>0 0 12 12 12 0 0 0 12 12 12 12 0</Tiles>
        </Item>
        <Item>
          <Tiles>0 0 0 3 0 0 0 0 0 0 3 0 0</Tiles>
        </Item>
      </TilesData>
    </Item>

  </Asset>
</XnaContent>
